train_loss,epoch,step
1.2438527345657349,0,49
0.6357575058937073,1,99
0.5782206058502197,2,149
0.5448310971260071,3,199
0.42510920763015747,4,249
