train_loss,epoch,step
1.11884605884552,0,49
0.611743688583374,1,99
0.5843248963356018,2,149
0.5866014361381531,3,199
0.5705739855766296,4,249
0.5214231014251709,5,299
0.42658695578575134,6,349
0.2907789647579193,7,399
0.2350533902645111,8,449
0.15372775495052338,9,499
