train_loss,epoch,step
1.0895848274230957,0,49
0.6055845022201538,1,99
0.5748097896575928,2,149
0.541050136089325,3,199
0.5753394961357117,4,249
0.575336754322052,5,299
0.5890321135520935,6,349
0.5350028872489929,7,399
0.5282451510429382,8,449
0.5642825961112976,9,499
