train_loss,epoch,step
1.028624176979065,0,49
0.6070863604545593,1,99
0.5662946701049805,2,149
