train_loss,epoch,step
1.325654149055481,0,49
0.6169471740722656,1,99
0.593536376953125,2,149
0.5596954226493835,3,199
0.5694776177406311,4,249
0.5816138386726379,5,299
0.5399724841117859,6,349
0.5619798898696899,7,399
0.5571691989898682,8,449
0.5497021675109863,9,499
0.5387383103370667,10,549
0.5367224216461182,11,599
0.5640962719917297,12,649
0.5575627684593201,13,699
0.5678427815437317,14,749
