train_loss,epoch,step
1.111433506011963,0,49
0.6201382279396057,1,99
0.5898267030715942,2,149
0.49823153018951416,3,199
