train_loss,epoch,step
1.0140845775604248,0,49
0.601772129535675,1,99
0.4822506606578827,2,149
0.3406246602535248,3,199
