train_loss,epoch,step
1.1204220056533813,0,49
0.6149904131889343,1,99
0.57729572057724,2,149
0.5793976187705994,3,199
0.5158928632736206,4,249
