train_loss,epoch,step
1.0470623970031738,0,49
0.5843809247016907,1,99
0.5976380109786987,2,149
0.505368173122406,3,199
