train_loss,epoch,step
1.2482898235321045,0,49
0.6397367119789124,1,99
0.5749399065971375,2,149
0.5574972033500671,3,199
0.49148428440093994,4,249
0.349283367395401,5,299
0.20619115233421326,6,349
0.10454049706459045,7,399
-0.013970849104225636,8,449
-0.07808966934680939,9,499
