train_loss,epoch,step
1.1663552522659302,0,49
0.646903395652771,1,99
0.5982542634010315,2,149
0.5882782936096191,3,199
