train_loss,epoch,step
1.1014668941497803,0,49
0.6007588505744934,1,99
0.5603592395782471,2,149
0.49885478615760803,3,199
0.4239211678504944,4,249
0.3585790991783142,5,299
0.28282609581947327,6,349
0.13620144128799438,7,399
