train_loss,epoch,step
1.0553920269012451,0,49
0.5983865261077881,1,99
0.5284560918807983,2,149
0.5251224637031555,3,199
