train_loss,epoch,step
1.1249070167541504,0,49
0.6012802124023438,1,99
0.5243375897407532,2,149
0.45966172218322754,3,199
