train_loss,epoch,step
1.0572335720062256,0,49
0.6167705059051514,1,99
0.5893903970718384,2,149
0.5688137412071228,3,199
