train_loss,epoch,step
1.0607295036315918,0,49
0.602215051651001,1,99
0.5836964249610901,2,149
