train_loss,epoch,step
1.1255676746368408,0,49
0.601667046546936,1,99
0.571094274520874,2,149
0.5769122838973999,3,199
0.5459645986557007,4,249
0.3752990663051605,5,299
0.24734634160995483,6,349
0.1121286004781723,7,399
