train_loss,epoch,step
1.1986877918243408,0,49
0.6281498670578003,1,99
0.5693163275718689,2,149
0.4725704491138458,3,199
