train_loss,epoch,step
1.21630859375,0,49
0.6268365979194641,1,99
0.5834537744522095,2,149
0.5444018840789795,3,199
