train_loss,epoch,step
1.1480175256729126,0,49
0.612335205078125,1,99
0.550437331199646,2,149
0.49515053629875183,3,199
0.4865154027938843,4,249
0.3930867314338684,5,299
0.37847626209259033,6,349
0.3531950116157532,7,399
0.3183436989784241,8,449
0.21683338284492493,9,499
