train_loss,epoch,step
1.0699361562728882,0,49
0.6126819849014282,1,99
0.5831069350242615,2,149
0.4795069098472595,3,199
