train_loss,epoch,step
1.1849952936172485,0,49
0.6038792133331299,1,99
0.6043142080307007,2,149
0.5235167145729065,3,199
0.4874130189418793,4,249
0.34195899963378906,5,299
0.1583135575056076,6,349
0.0526709258556366,7,399
0.1447945535182953,8,449
0.007511715870350599,9,499
