train_loss,epoch,step
1.1357619762420654,0,49
0.6091982126235962,1,99
0.549309492111206,2,149
0.48919692635536194,3,199
0.3875328004360199,4,249
0.30872318148612976,5,299
0.21640591323375702,6,349
0.21927723288536072,7,399
