train_loss,epoch,step
1.1269711256027222,0,49
0.6060054898262024,1,99
0.5725128054618835,2,149
0.5522494316101074,3,199
0.44836661219596863,4,249
0.3304647207260132,5,299
0.32929134368896484,6,349
0.21806861460208893,7,399
