train_loss,epoch,step
1.0702003240585327,0,49
0.6045837998390198,1,99
0.6097827553749084,2,149
0.5029956698417664,3,199
