train_loss,epoch,step
1.1788508892059326,0,49
0.6119170188903809,1,99
0.5515859723091125,2,149
0.4765828251838684,3,199
