train_loss,epoch,step
1.1503268480300903,0,49
0.6259510517120361,1,99
0.5854150652885437,2,149
0.5478348135948181,3,199
