train_loss,epoch,step
1.0643365383148193,0,49
0.616538941860199,1,99
0.5895670056343079,2,149
0.4453096091747284,3,199
0.34358301758766174,4,249
0.2043008655309677,5,299
0.29546651244163513,6,349
0.14191845059394836,7,399
