train_loss,epoch,step
1.2227988243103027,0,49
0.5830185413360596,1,99
0.5888859629631042,2,149
0.5656406879425049,3,199
0.4712963104248047,4,249
0.2856588661670685,5,299
0.21491195261478424,6,349
0.18766650557518005,7,399
0.06488456577062607,8,449
-0.05942121520638466,9,499
