train_loss,epoch,step
1.1078637838363647,0,49
0.6075095534324646,1,99
0.574026346206665,2,149
0.5263140201568604,3,199
