train_loss,epoch,step
1.1051383018493652,0,49
0.6106815338134766,1,99
0.5693872570991516,2,149
0.5529831647872925,3,199
0.5740440487861633,4,249
0.5442489385604858,5,299
0.5984567999839783,6,349
0.5447059869766235,7,399
