train_loss,epoch,step
0.9857640266418457,0,49
0.595873236656189,1,99
0.5229465365409851,2,149
0.49418312311172485,3,199
