train_loss,epoch,step
1.1966328620910645,0,49
0.6299300193786621,1,99
0.5931387543678284,2,149
0.5787320733070374,3,199
0.5348661541938782,4,249
0.4682494103908539,5,299
0.34476134181022644,6,349
0.20564478635787964,7,399
