train_loss,epoch,step
1.147078037261963,0,49
0.609157919883728,1,99
0.5911595225334167,2,149
