train_loss,epoch,step
1.2161403894424438,0,49
0.6095212697982788,1,99
0.5781549215316772,2,149
0.5261070728302002,3,199
