train_loss,epoch,step
1.1899396181106567,0,49
0.6389397978782654,1,99
0.5950929522514343,2,149
0.5804511904716492,3,199
0.5406835675239563,4,249
0.5512115359306335,5,299
0.5633771419525146,6,349
0.5457039475440979,7,399
0.4947033226490021,8,449
0.3406221270561218,9,499
