train_loss,epoch,step
1.0083106756210327,0,49
0.6278296113014221,1,99
0.5573306679725647,2,149
0.5154420733451843,3,199
