train_loss,epoch,step
1.120506763458252,0,49
0.6231991648674011,1,99
0.5710508227348328,2,149
0.5554609894752502,3,199
