train_loss,epoch,step
1.0888748168945312,0,49
0.6003235578536987,1,99
0.536860466003418,2,149
0.42797112464904785,3,199
