train_loss,epoch,step
1.020563006401062,0,49
0.607786238193512,1,99
0.5331048369407654,2,149
0.5295994281768799,3,199
