train_loss,epoch,step
1.1008179187774658,0,49
0.6175384521484375,1,99
0.5800245404243469,2,149
0.5689971446990967,3,199
0.4932873547077179,4,249
0.4200071096420288,5,299
0.3903319239616394,6,349
0.30019158124923706,7,399
