train_loss,epoch,step
1.0813822746276855,0,49
0.6288909912109375,1,99
0.5063138008117676,2,149
0.41405707597732544,3,199
