train_loss,epoch,step
1.2087430953979492,0,49
0.6373441815376282,1,99
0.5682826042175293,2,149
0.5920619964599609,3,199
0.5613788366317749,4,249
0.5615503191947937,5,299
0.5298169255256653,6,349
0.5750274062156677,7,399
