train_loss,epoch,step
1.1362780332565308,0,49
0.621339738368988,1,99
0.5851835608482361,2,149
0.5931772589683533,3,199
0.5341644287109375,4,249
0.4899308681488037,5,299
0.3448730707168579,6,349
0.22697995603084564,7,399
