train_loss,epoch,step
1.0693355798721313,0,49
0.5863420963287354,1,99
0.5501322150230408,2,149
0.4651338458061218,3,199
