train_loss,epoch,step
1.1752299070358276,0,49
0.62788987159729,1,99
0.5522472858428955,2,149
0.4921454191207886,3,199
0.37035369873046875,4,249
0.28033047914505005,5,299
