train_loss,epoch,step
1.159264326095581,0,49
0.6215110421180725,1,99
0.5848633050918579,2,149
0.5233322381973267,3,199
0.4587305188179016,4,249
0.3482217788696289,5,299
0.2345389723777771,6,349
0.08938700705766678,7,399
0.18985730409622192,8,449
0.15931783616542816,9,499
