train_loss,epoch,step
1.2066761255264282,0,49
0.6036456823348999,1,99
0.5982807278633118,2,149
0.5573131442070007,3,199
