train_loss,epoch,step
1.066396951675415,0,49
0.6058869361877441,1,99
0.5833421349525452,2,149
0.49264127016067505,3,199
