train_loss,epoch,step
1.147179126739502,0,49
0.592485785484314,1,99
0.526357889175415,2,149
0.46577346324920654,3,199
