train_loss,epoch,step
1.1030293703079224,0,49
0.6190060377120972,1,99
0.5611059069633484,2,149
0.43609699606895447,3,199
