train_loss,epoch,step
1.1153860092163086,0,49
0.6078088879585266,1,99
0.5565531849861145,2,149
0.5371599793434143,3,199
