train_loss,epoch,step
1.1704092025756836,0,49
0.6114827990531921,1,99
0.5892854928970337,2,149
0.5362735390663147,3,199
