train_loss,epoch,step
1.067595362663269,0,49
0.6212642788887024,1,99
0.5805079936981201,2,149
0.5757541060447693,3,199
