train_loss,epoch,step
1.262315273284912,0,49
0.6262724995613098,1,99
0.5778018832206726,2,149
0.5009291172027588,3,199
0.3684347867965698,4,249
0.22813189029693604,5,299
