train_loss,epoch,step
1.158337116241455,0,49
0.6104786396026611,1,99
0.593799352645874,2,149
0.5633513927459717,3,199
