train_loss,epoch,step
1.0642001628875732,0,49
0.5931968688964844,1,99
0.5739723443984985,2,149
0.5225237607955933,3,199
