train_loss,epoch,step
1.1993975639343262,0,49
0.6069498658180237,1,99
0.5840684175491333,2,149
0.506542980670929,3,199
0.412826269865036,4,249
0.39355701208114624,5,299
0.31282851099967957,6,349
0.19529521465301514,7,399
