train_loss,epoch,step
1.0752333402633667,0,49
0.6081246733665466,1,99
0.5964610576629639,2,149
0.5467873215675354,3,199
0.48793697357177734,4,249
0.3516336679458618,5,299
