train_loss,epoch,step
1.1743007898330688,0,49
0.6401026248931885,1,99
0.5781819820404053,2,149
0.5415304899215698,3,199
0.5609987378120422,4,249
0.4881807565689087,5,299
0.40151429176330566,6,349
0.3314749598503113,7,399
