train_loss,epoch,step
1.1203722953796387,0,49
0.6012486815452576,1,99
0.6199700832366943,2,149
0.5337185859680176,3,199
0.5507566928863525,4,249
0.508033275604248,5,299
0.449163019657135,6,349
0.34179288148880005,7,399
