train_loss,epoch,step
1.1166660785675049,0,49
0.6443016529083252,1,99
0.5771781802177429,2,149
0.5968794822692871,3,199
0.5792644619941711,4,249
0.4818211793899536,5,299
0.3752840757369995,6,349
0.24529694020748138,7,399
