train_loss,epoch,step
1.2346293926239014,0,49
0.6209061145782471,1,99
0.564443826675415,2,149
0.5047209858894348,3,199
0.3857836127281189,4,249
0.2402036041021347,5,299
0.2208583652973175,6,349
0.18728633224964142,7,399
-0.0031823054887354374,8,449
0.021674172952771187,9,499
-0.06191505864262581,10,549
-0.09306086599826813,11,599
