train_loss,epoch,step
1.1287459135055542,0,49
0.6002614498138428,1,99
0.5221974849700928,2,149
0.4543091952800751,3,199
