train_loss,epoch,step
1.0622334480285645,0,49
0.6044726967811584,1,99
0.5879054069519043,2,149
0.5502173900604248,3,199
