train_loss,epoch,step
1.078729271888733,0,49
0.5739073753356934,1,99
0.617372989654541,2,149
0.5910280346870422,3,199
0.5572624206542969,4,249
0.4920198917388916,5,299
0.42034608125686646,6,349
0.2809905707836151,7,399
