train_loss,epoch,step
1.2150286436080933,0,49
0.6260292530059814,1,99
0.5287299752235413,2,149
0.47972968220710754,3,199
0.33232155442237854,4,249
0.2705927789211273,5,299
0.17481572926044464,6,349
0.28882738947868347,7,399
