train_loss,epoch,step
1.1613736152648926,0,49
0.6433155536651611,1,99
0.5829867720603943,2,149
0.46948006749153137,3,199
