train_loss,epoch,step
1.0901949405670166,0,49
0.5972772836685181,1,99
0.5515968799591064,2,149
0.44399911165237427,3,199
