train_loss,epoch,step
1.0664458274841309,0,49
0.6050014495849609,1,99
0.5928399562835693,2,149
0.5443587303161621,3,199
