train_loss,epoch,step
1.0559049844741821,0,49
0.6001742482185364,1,99
0.5581110119819641,2,149
0.4110410213470459,3,199
