train_loss,epoch,step
1.2127354145050049,0,49
0.6126840114593506,1,99
0.5774233341217041,2,149
0.49378901720046997,3,199
