train_loss,epoch,step
1.147687554359436,0,49
0.6609784960746765,1,99
0.5769190192222595,2,149
0.5064809322357178,3,199
