train_loss,epoch,step
1.2211719751358032,0,49
0.6187564730644226,1,99
0.5663942098617554,2,149
0.5751361846923828,3,199
0.5744128227233887,4,249
0.5539374351501465,5,299
0.5800985097885132,6,349
0.605302631855011,7,399
0.5464010834693909,8,449
0.41483837366104126,9,499
0.2412392795085907,10,549
0.1642017364501953,11,599
0.004463316407054663,12,649
-0.08146964758634567,13,699
-0.18000201880931854,14,749
